{
    "lambda": [
        0,
        0.001,
        0.005,
        0.01,
        0.02,
        0.03,
        0.04,
        0.05
    ],
    "LP_HR": [
        [
            0.0,
            0.0,
            1.2679919379704019,
            1.2679919379704019,
            1.2679919379704019,
            1.0933195791683559,
            1.0933195791683559,
            0.931585913610907
        ]
    ],
    "UP_HR": [
        [
            1.2679919379704019,
            1.2679919379704019,
            0.0,
            0.0064693466222980325,
            0.0064693466222980325,
            0.025877386489191953,
            0.025877386489191953,
            0.05822411960068175
        ]
    ]
}