{
    "lambda": [
        0,
        0.001,
        0.005,
        0.01,
        0.02,
        0.03,
        0.04,
        0.05
    ],
    "LP_HR": [
        [
            0.0,
            4.571469992448718,
            4.526319948164899,
            4.414425142387078,
            3.9597597150550805,
            3.237807145911382,
            2.371805769229426,
            1.599885657280312
        ]
    ],
    "UP_HR": [
        [
            4.571469992448718,
            2.800871233487227e-05,
            0.001372426904408785,
            0.007170230357727599,
            0.020418351292122723,
            0.030501487732677343,
            0.038343927186441744,
            0.04481393973579762
        ]
    ]
}